{
  "model": "EfficientNet-B0",
  "input_size": [
    1,
    3,
    128,
    128
  ],
  "device": "cuda",
  "statistics": {
    "mean_latency_ms": 15.494837760925293,
    "std_latency_ms": 8.237214624466954,
    "min_latency_ms": 6.957769393920898,
    "max_latency_ms": 37.923574447631836,
    "fps": 126.52233587827708
  },
  "all_latencies_ms": [
    7.069826126098633,
    6.957769393920898,
    7.086753845214844,
    7.229089736938477,
    10.58816909790039,
    7.369756698608398,
    7.410526275634766,
    7.181882858276367,
    7.014274597167969,
    6.990671157836914,
    7.022857666015625,
    8.22901725769043,
    7.409811019897461,
    7.481813430786133,
    7.087230682373047,
    7.311105728149414,
    7.023334503173828,
    6.984233856201172,
    7.596254348754883,
    7.091999053955078,
    7.309198379516602,
    7.058143615722656,
    7.109165191650391,
    7.057428359985352,
    7.187366485595703,
    7.311344146728516,
    8.369207382202148,
    13.489007949829102,
    17.098665237426758,
    18.190622329711914,
    12.53366470336914,
    10.940790176391602,
    7.236003875732422,
    7.071971893310547,
    7.034063339233398,
    7.284402847290039,
    7.058858871459961,
    7.053613662719727,
    11.836767196655273,
    23.741722106933594,
    22.593975067138672,
    26.416540145874023,
    35.07566452026367,
    17.172813415527344,
    16.40605926513672,
    18.9969539642334,
    23.480892181396484,
    28.074979782104492,
    30.584096908569336,
    23.272275924682617,
    14.553546905517578,
    19.461393356323242,
    27.357816696166992,
    13.922691345214844,
    20.180940628051758,
    25.32815933227539,
    13.992547988891602,
    13.692378997802734,
    14.962434768676758,
    12.851953506469727,
    20.084142684936523,
    13.90838623046875,
    12.635469436645508,
    25.339126586914062,
    24.534225463867188,
    33.33425521850586,
    27.85801887512207,
    14.966249465942383,
    15.035867691040039,
    31.588077545166016,
    27.79388427734375,
    30.04765510559082,
    27.966976165771484,
    34.8353385925293,
    14.44101333618164,
    14.095544815063477,
    15.878677368164062,
    23.006200790405273,
    12.678146362304688,
    13.12708854675293,
    15.128374099731445,
    15.435218811035156,
    16.617298126220703,
    14.693498611450195,
    23.499727249145508,
    37.923574447631836,
    14.08076286315918,
    12.501716613769531,
    27.47321128845215,
    29.348373413085938,
    14.228105545043945,
    12.798547744750977,
    14.433860778808594,
    13.910055160522461,
    14.01066780090332,
    12.843132019042969,
    21.27814292907715,
    23.459911346435547,
    7.124423980712891,
    7.054328918457031
  ],
  "size_comparison": {
    "64": {
      "mean": 7.613960901896159,
      "std": 0.6559649119101698,
      "fps": 131.337685192337
    },
    "128": {
      "mean": 7.746926943461101,
      "std": 1.021390245216414,
      "fps": 129.0834426732349
    },
    "224": {
      "mean": 7.903742790222168,
      "std": 1.210519226569304,
      "fps": 126.52233587827708
    }
  }
}